sample_type,sequencing,read_type,goal,reference_gated,strategy_id,workflow_name,route_kind,build_ok,dependency_valid,step_count,tool_candidates,compatible_tools,incompatible_tools,zero_compatible_steps,insufficient_parallel_steps,status,detail
Bacterial isolate,Illumina,Paired-end,Whole genome characterization,False,bacterial_illumina_wgs,Bacterial isolate — Illumina WGS,curated_static,True,True,5,8,8,0,0,0,PASS,
Bacterial isolate,Illumina,Paired-end,Antimicrobial resistance detection,False,bacterial_illumina_amr,Bacterial isolate — Illumina antimicrobial resistance analysis,curated_static,True,True,5,9,9,0,0,0,PASS,
Bacterial isolate,Illumina,Paired-end,Virulence profiling,False,bacterial_illumina_virulence,Bacterial isolate — Illumina virulence profiling,curated_static,True,True,5,8,8,0,0,0,PASS,
Bacterial isolate,Illumina,Paired-end,MLST / strain typing,False,bacterial_illumina_mlst,Bacterial isolate — Illumina MLST and strain typing,curated_static,True,True,5,8,8,0,0,0,PASS,
Bacterial isolate,Illumina,Paired-end,Prophage detection,False,bacterial_illumina_prophage,Bacterial isolate — Illumina prophage detection,curated_static,True,True,6,10,10,0,0,0,PASS,
Bacterial isolate,Illumina,Paired-end,Pangenome analysis,False,bacterial_illumina_pangenome,Bacterial isolates — Illumina pangenome analysis,curated_static,True,True,6,10,10,0,0,0,PASS,
Bacterial isolate,Illumina,Paired-end,Phylogenomics,False,bacterial_illumina_phylogenomics,Bacterial isolates — Illumina phylogenomics,curated_static,True,True,7,11,11,0,0,0,PASS,
Bacterial isolate,Illumina,Paired-end,Species identification,False,bacterial_illumina_species_identification_gtdbtk,Bacterial isolate — genome taxonomy with GTDB-Tk,curated_static,True,True,5,7,7,0,0,0,PASS,
Bacterial isolate,Illumina,Paired-end,Species identification,False,bacterial_illumina_species_identification_fastani,Bacterial isolate — reference ANI confirmation with FastANI,curated_static,True,True,5,7,7,0,0,0,PASS,
Bacterial isolate,Illumina,Paired-end,Plasmid detection,False,bacterial_illumina_plasmid_mobsuite,Bacterial isolate — plasmid reconstruction and typing (MOB-suite),curated_static,True,True,5,7,7,0,0,0,PASS,
Bacterial isolate,Illumina,Paired-end,Plasmid detection,False,bacterial_illumina_plasmid_replicon,Bacterial isolate — plasmid replicon screening (PlasmidFinder),curated_static,True,True,5,7,7,0,0,0,PASS,
Bacterial isolate,Illumina,Paired-end,Plasmid detection,False,bacterial_illumina_plasmid_genomad,Bacterial isolate — plasmid sequence prediction (geNomad),curated_static,True,True,5,7,7,0,0,0,PASS,
Bacterial isolate,Illumina,Paired-end,Variant analysis,True,bacterial_illumina_variant_analysis,Bacterial isolate — Illumina variant analysis,curated_static,True,True,6,8,8,0,0,0,PASS,
Bacterial isolate,Illumina,Single-end,Whole genome characterization,False,dynamic__bacterial_isolate__illumina__single_end__bacterial_illumina_wgs,Bacterial isolate — Illumina WGS — single-end,dynamic,True,True,5,8,7,1,0,0,PASS,
Bacterial isolate,Illumina,Single-end,Antimicrobial resistance detection,False,dynamic__bacterial_isolate__illumina__single_end__bacterial_illumina_amr,Bacterial isolate — Illumina antimicrobial resistance analysis — single-end,dynamic,True,True,5,9,8,1,0,0,PASS,
Bacterial isolate,Illumina,Single-end,Virulence profiling,False,dynamic__bacterial_isolate__illumina__single_end__bacterial_illumina_virulence,Bacterial isolate — Illumina virulence profiling — single-end,dynamic,True,True,5,8,7,1,0,0,PASS,
Bacterial isolate,Illumina,Single-end,MLST / strain typing,False,dynamic__bacterial_isolate__illumina__single_end__bacterial_illumina_mlst,Bacterial isolate — Illumina MLST and strain typing — single-end,dynamic,True,True,5,8,7,1,0,0,PASS,
Bacterial isolate,Illumina,Single-end,Prophage detection,False,dynamic__bacterial_isolate__illumina__single_end__bacterial_illumina_prophage,Bacterial isolate — Illumina prophage detection — single-end,dynamic,True,True,6,10,9,1,0,0,PASS,
Bacterial isolate,Illumina,Single-end,Species identification,False,dynamic__bacterial_isolate__illumina__single_end__bacterial_illumina_species_identification_gtdbtk,Bacterial isolate — genome taxonomy with GTDB-Tk — single-end,dynamic,True,True,5,7,6,1,0,0,PASS,
Bacterial isolate,Illumina,Single-end,Species identification,False,dynamic__bacterial_isolate__illumina__single_end__bacterial_illumina_species_identification_fastani,Bacterial isolate — reference ANI confirmation with FastANI — single-end,dynamic,True,True,5,7,6,1,0,0,PASS,
Bacterial isolate,Illumina,Single-end,Plasmid detection,False,dynamic__bacterial_isolate__illumina__single_end__bacterial_illumina_plasmid_mobsuite,Bacterial isolate — plasmid reconstruction and typing (MOB-suite) — single-end,dynamic,True,True,5,7,6,1,0,0,PASS,
Bacterial isolate,Illumina,Single-end,Plasmid detection,False,dynamic__bacterial_isolate__illumina__single_end__bacterial_illumina_plasmid_replicon,Bacterial isolate — plasmid replicon screening (PlasmidFinder) — single-end,dynamic,True,True,5,7,6,1,0,0,PASS,
Bacterial isolate,Illumina,Single-end,Plasmid detection,False,dynamic__bacterial_isolate__illumina__single_end__bacterial_illumina_plasmid_genomad,Bacterial isolate — plasmid sequence prediction (geNomad) — single-end,dynamic,True,True,5,7,6,1,0,0,PASS,
Bacterial isolate,Illumina,Single-end,Variant analysis,True,dynamic__bacterial_isolate__illumina__single_end__bacterial_illumina_variant_analysis,Bacterial isolate — Illumina variant analysis — single-end,dynamic,True,True,6,8,8,0,0,0,PASS,
Bacterial isolate,Oxford Nanopore,Long reads,Whole genome characterization,False,bacterial_nanopore_wgs,Bacterial isolate — Oxford Nanopore WGS,curated_static,True,True,5,8,8,0,0,0,PASS,
Bacterial isolate,Illumina + Oxford Nanopore,Paired-end + Long reads,Hybrid genome assembly,False,bacterial_illumina_ont_hybrid,Bacterial isolate — Illumina + Oxford Nanopore hybrid assembly,curated_static,True,True,7,12,12,0,0,0,PASS,
Bacterial isolate,Illumina + PacBio,Paired-end + Long reads,Hybrid genome assembly,False,bacterial_illumina_pacbio_hybrid,Bacterial isolate — Illumina + PacBio hybrid assembly,curated_static,True,True,7,10,10,0,0,0,PASS,
Metagenome,Illumina,Paired-end,Strain-level phylogenomics,False,metagenome_illumina_strain_phylogenomics,Metagenome — Illumina strain-level phylogenomics,curated_static,True,True,5,6,6,0,0,0,PASS,
Metagenome,Illumina,Paired-end,Microdiversity profiling,False,metagenome_illumina_microdiversity,Metagenome — Illumina microdiversity profiling,curated_static,True,True,5,6,6,0,0,0,PASS,
Metagenome,Illumina,Paired-end,Functional profiling,False,metagenome_illumina_functional,Metagenome — Illumina functional profiling,curated_static,True,True,3,4,4,0,0,0,PASS,
Metagenome,Illumina,Paired-end,Pathway analysis,False,metagenome_illumina_pathways,Metagenome — Illumina pathway analysis,curated_static,True,True,3,4,4,0,0,0,PASS,
Metagenome,Illumina,Paired-end,Virulence profiling,False,metagenome_illumina_virulence,Metagenome — Illumina virulence profiling,curated_static,True,True,4,6,6,0,0,0,PASS,
Metagenome,Illumina,Paired-end,Viral analysis,False,metagenome_illumina_viral,Metagenome — Illumina viral analysis,curated_static,True,True,6,9,9,0,0,0,PASS,
Metagenome,Illumina,Paired-end,Taxonomic profiling,False,metagenome_illumina_taxonomy_prokaryotic,Metagenome — Illumina prokaryotic taxonomic profiling,curated_static,True,True,3,6,6,0,0,0,PASS,
Metagenome,Illumina,Paired-end,Taxonomic profiling,False,metagenome_illumina_taxonomy_eukaryotic,Metagenome — Illumina microbial eukaryotic taxonomic profiling,curated_static,True,True,3,5,5,0,0,0,PASS,
Metagenome,Illumina,Paired-end,Taxonomic profiling,False,metagenome_illumina_taxonomy_broad,Metagenome — Illumina broad multi-kingdom taxonomic profiling,curated_static,True,True,3,6,6,0,0,0,PASS,
Metagenome,Illumina,Paired-end,Antibiotic resistance profiling,False,metagenome_illumina_resistome_deeparg,Metagenome — DeepARG-SS resistome profiling,curated_static,True,True,3,4,4,0,0,0,PASS,
Metagenome,Illumina,Paired-end,Antibiotic resistance profiling,False,metagenome_illumina_resistome_rgi,Metagenome — CARD RGI BWT resistome profiling,curated_static,True,True,3,4,4,0,0,0,PASS,
Metagenome,Illumina,Paired-end,Antibiotic resistance profiling,False,metagenome_illumina_resistome_amrplusplus,Metagenome — AMR++ turnkey resistome pipeline,curated_static,True,True,1,1,1,0,0,0,PASS,
Metagenome,Illumina,Paired-end,Plasmid analysis,False,metagenome_illumina_plasmid_genomad,Metagenome — plasmid sequence prediction with geNomad,curated_static,True,True,4,6,6,0,0,0,PASS,
Metagenome,Illumina,Paired-end,Plasmid analysis,False,metagenome_illumina_plasmid_plasx,Metagenome — PlasX gene-architecture plasmid workflow,curated_static,True,True,4,6,6,0,0,0,PASS,
Metagenome,Illumina,Paired-end,MAG reconstruction,False,metagenome_illumina_mag_single,Metagenome — single-sample MAG reconstruction,curated_static,True,True,11,18,18,0,0,0,PASS,
Metagenome,Illumina,Paired-end,MAG reconstruction,False,metagenome_illumina_mag_coassembly,Metagenome — multi-sample coassembly MAG reconstruction,curated_static,True,True,11,18,18,0,0,0,PASS,
Metagenome,Illumina,Single-end,Taxonomic profiling,False,dynamic__metagenome__illumina__single_end__metagenome_illumina_taxonomy_prokaryotic,Metagenome — Illumina prokaryotic taxonomic profiling — single-end,dynamic,True,True,3,6,6,0,0,0,PASS,
Metagenome,Illumina,Single-end,Taxonomic profiling,False,dynamic__metagenome__illumina__single_end__metagenome_illumina_taxonomy_eukaryotic,Metagenome — Illumina microbial eukaryotic taxonomic profiling — single-end,dynamic,True,True,3,5,5,0,0,0,PASS,
Metagenome,Illumina,Single-end,Taxonomic profiling,False,dynamic__metagenome__illumina__single_end__metagenome_illumina_taxonomy_broad,Metagenome — Illumina broad multi-kingdom taxonomic profiling — single-end,dynamic,True,True,3,6,6,0,0,0,PASS,
Metagenome,Illumina,Single-end,Functional profiling,False,dynamic__metagenome__illumina__single_end__metagenome_illumina_functional,Metagenome — Illumina functional profiling — single-end,dynamic,True,True,3,4,4,0,0,0,PASS,
Metagenome,Illumina,Single-end,Pathway analysis,False,dynamic__metagenome__illumina__single_end__metagenome_illumina_pathways,Metagenome — Illumina pathway analysis — single-end,dynamic,True,True,3,4,4,0,0,0,PASS,
Metagenome,Illumina,Single-end,Antibiotic resistance profiling,False,dynamic__metagenome__illumina__single_end__metagenome_illumina_resistome_deeparg,Metagenome — DeepARG-SS resistome profiling — single-end,dynamic,True,True,3,4,4,0,0,0,PASS,
Metagenome,Illumina,Single-end,Antibiotic resistance profiling,False,dynamic__metagenome__illumina__single_end__metagenome_illumina_resistome_rgi,Metagenome — CARD RGI BWT resistome profiling — single-end,dynamic,True,True,3,4,4,0,0,0,PASS,
Metagenome,Illumina,Single-end,Antibiotic resistance profiling,False,dynamic__metagenome__illumina__single_end__metagenome_illumina_resistome_amrplusplus,Metagenome — AMR++ turnkey resistome pipeline — single-end,dynamic,True,True,1,1,1,0,0,0,PASS,
Metagenome,Illumina,Single-end,Virulence profiling,False,dynamic__metagenome__illumina__single_end__metagenome_illumina_virulence,Metagenome — Illumina virulence profiling — single-end,dynamic,True,True,4,6,5,1,0,0,PASS,
Metagenome,Illumina,Single-end,Viral analysis,False,dynamic__metagenome__illumina__single_end__metagenome_illumina_viral,Metagenome — Illumina viral analysis — single-end,dynamic,True,True,6,9,8,1,0,0,PASS,
Metagenome,Illumina,Single-end,Plasmid analysis,False,dynamic__metagenome__illumina__single_end__metagenome_illumina_plasmid_genomad,Metagenome — plasmid sequence prediction with geNomad — single-end,dynamic,True,True,4,6,5,1,0,0,PASS,
Metagenome,Illumina,Single-end,Plasmid analysis,False,dynamic__metagenome__illumina__single_end__metagenome_illumina_plasmid_plasx,Metagenome — PlasX gene-architecture plasmid workflow — single-end,dynamic,True,True,4,6,5,1,0,0,PASS,
Metagenome,Illumina,Single-end,MAG reconstruction,False,dynamic__metagenome__illumina__single_end__metagenome_illumina_mag_single,Metagenome — single-sample MAG reconstruction — single-end,dynamic,True,True,11,18,17,1,0,0,PASS,
Metagenome,Illumina,Single-end,Microdiversity profiling,False,dynamic__metagenome__illumina__single_end__metagenome_illumina_microdiversity,Metagenome — Illumina microdiversity profiling — single-end,dynamic,True,True,5,6,6,0,0,0,PASS,
Metagenome,Illumina + Oxford Nanopore,Paired-end + Long reads,MAG reconstruction,False,metagenome_illumina_ont_hybrid_mag,Metagenome — Illumina + Oxford Nanopore hybrid MAG reconstruction,curated_static,True,True,13,20,20,0,0,0,PASS,
Metagenome,Illumina + Oxford Nanopore,Paired-end + Long reads,Viral analysis,False,metagenome_illumina_ont_hybrid_viral,Metagenome — Illumina + Oxford Nanopore hybrid viral analysis,curated_static,True,True,8,11,11,0,0,0,PASS,
Metagenome,Illumina + Oxford Nanopore,Paired-end + Long reads,Virulence profiling,False,metagenome_illumina_ont_hybrid_virulence,Metagenome — Illumina + Oxford Nanopore hybrid virulence profiling,curated_static,True,True,6,8,8,0,0,0,PASS,
Metagenome,Illumina + Oxford Nanopore,Paired-end + Long reads,Plasmid analysis,False,metagenome_illumina_ont_hybrid_plasmid,Metagenome — Illumina + Oxford Nanopore hybrid plasmid analysis,curated_static,True,True,6,8,8,0,0,0,PASS,
Metagenome,Illumina + PacBio,Paired-end + Long reads,MAG reconstruction,False,metagenome_illumina_pacbio_hybrid_mag,Metagenome — Illumina + PacBio hybrid MAG reconstruction,curated_static,True,True,13,20,20,0,0,0,PASS,
Metagenome,Illumina + PacBio,Paired-end + Long reads,Viral analysis,False,metagenome_illumina_pacbio_hybrid_viral,Metagenome — Illumina + PacBio hybrid viral analysis,curated_static,True,True,8,11,11,0,0,0,PASS,
Metagenome,Illumina + PacBio,Paired-end + Long reads,Virulence profiling,False,metagenome_illumina_pacbio_hybrid_virulence,Metagenome — Illumina + PacBio hybrid virulence profiling,curated_static,True,True,6,8,8,0,0,0,PASS,
Metagenome,Illumina + PacBio,Paired-end + Long reads,Plasmid analysis,False,metagenome_illumina_pacbio_hybrid_plasmid,Metagenome — Illumina + PacBio hybrid plasmid analysis,curated_static,True,True,6,8,8,0,0,0,PASS,
Metagenome,Oxford Nanopore,Long reads,Taxonomic profiling,False,dynamic__metagenome__oxford_nanopore__long_reads__taxonomic_profiling,Metagenome — Oxford Nanopore long-read taxonomic profiling,dynamic,True,True,3,4,4,0,0,0,PASS,
Metagenome,Oxford Nanopore,Long reads,MAG reconstruction,False,dynamic__metagenome__oxford_nanopore__long_reads__mag_reconstruction,Metagenome — Oxford Nanopore long-read mag reconstruction,dynamic,True,True,11,16,16,0,0,0,PASS,
Metagenome,Oxford Nanopore,Long reads,Antibiotic resistance profiling,False,dynamic__metagenome__oxford_nanopore__long_reads__antibiotic_resistance_profiling,Metagenome — Oxford Nanopore long-read antibiotic resistance profiling,dynamic,True,True,3,4,4,0,0,0,PASS,
Metagenome,Oxford Nanopore,Long reads,Virulence profiling,False,dynamic__metagenome__oxford_nanopore__long_reads__virulence_profiling,Metagenome — Oxford Nanopore long-read virulence profiling,dynamic,True,True,4,5,5,0,0,0,PASS,
Metagenome,Oxford Nanopore,Long reads,Viral analysis,False,dynamic__metagenome__oxford_nanopore__long_reads__viral_analysis,Metagenome — Oxford Nanopore long-read viral analysis,dynamic,True,True,6,8,8,0,0,0,PASS,
Metagenome,Oxford Nanopore,Long reads,Plasmid analysis,False,dynamic__metagenome__oxford_nanopore__long_reads__plasmid_analysis,Metagenome — Oxford Nanopore long-read plasmid analysis,dynamic,True,True,4,5,5,0,0,0,PASS,
Metagenome,PacBio,Long reads,Taxonomic profiling,False,dynamic__metagenome__pacbio__long_reads__taxonomic_profiling,Metagenome — PacBio long-read taxonomic profiling,dynamic,True,True,3,4,4,0,0,0,PASS,
Metagenome,PacBio,Long reads,MAG reconstruction,False,dynamic__metagenome__pacbio__long_reads__mag_reconstruction,Metagenome — PacBio long-read mag reconstruction,dynamic,True,True,11,16,16,0,0,0,PASS,
Metagenome,PacBio,Long reads,Antibiotic resistance profiling,False,dynamic__metagenome__pacbio__long_reads__antibiotic_resistance_profiling,Metagenome — PacBio long-read antibiotic resistance profiling,dynamic,True,True,3,4,4,0,0,0,PASS,
Metagenome,PacBio,Long reads,Virulence profiling,False,dynamic__metagenome__pacbio__long_reads__virulence_profiling,Metagenome — PacBio long-read virulence profiling,dynamic,True,True,4,5,5,0,0,0,PASS,
Metagenome,PacBio,Long reads,Viral analysis,False,dynamic__metagenome__pacbio__long_reads__viral_analysis,Metagenome — PacBio long-read viral analysis,dynamic,True,True,6,8,8,0,0,0,PASS,
Metagenome,PacBio,Long reads,Plasmid analysis,False,dynamic__metagenome__pacbio__long_reads__plasmid_analysis,Metagenome — PacBio long-read plasmid analysis,dynamic,True,True,4,5,5,0,0,0,PASS,
Amplicon,Illumina,Paired-end,16S rRNA analysis,False,amplicon_illumina_16s,ASV · DADA2 modular (16S),curated_static,True,True,3,5,5,0,0,0,PASS,
Amplicon,Illumina,Paired-end,16S rRNA analysis,False,amplicon_illumina_16s_qiime2_asv,ASV · QIIME 2 q2-dada2 (16S),curated_static,True,True,1,1,1,0,0,0,PASS,
Amplicon,Illumina,Paired-end,16S rRNA analysis,False,amplicon_illumina_16s_nfcore,ASV turnkey · nf-core/ampliseq (16S),curated_static,True,True,1,1,1,0,0,0,PASS,
Amplicon,Illumina,Paired-end,16S rRNA analysis,False,amplicon_illumina_16s_frogs,Flexible pipeline · FROGS (16S),curated_static,True,True,1,1,1,0,0,0,PASS,
Amplicon,Illumina,Paired-end,16S rRNA analysis,False,amplicon_illumina_16s_lotus2,Flexible pipeline · LotuS2 (16S),curated_static,True,True,1,1,1,0,0,0,PASS,
Amplicon,Illumina,Paired-end,16S rRNA analysis,False,amplicon_illumina_16s_obitools4,MOTU/metabarcoding · OBITools4-composed workflow (16S),curated_static,True,True,1,1,1,0,0,0,PASS,
Amplicon,Illumina,Paired-end,16S rRNA analysis,False,amplicon_illumina_16s_mothur,OTU · mothur (16S),curated_static,True,True,1,1,1,0,0,0,PASS,
Amplicon,Illumina,Paired-end,16S rRNA analysis,False,amplicon_illumina_16s_vsearch_otu,OTU · VSEARCH-centered modular workflow (16S),curated_static,True,True,1,1,1,0,0,0,PASS,
Amplicon,Illumina,Paired-end,16S rRNA analysis,False,amplicon_illumina_16s_qiime2_otu,OTU · QIIME 2 q2-vsearch (16S),curated_static,True,True,1,1,1,0,0,0,PASS,
Amplicon,Illumina,Paired-end,16S rRNA analysis,False,amplicon_illumina_16s_silvangs,OTU web service · SILVAngs (16S),curated_static,True,True,2,2,2,0,0,0,PASS,
Amplicon,Illumina,Paired-end,18S rRNA analysis,False,amplicon_illumina_18s,ASV · DADA2 modular (18S),curated_static,True,True,3,5,5,0,0,0,PASS,
Amplicon,Illumina,Paired-end,18S rRNA analysis,False,amplicon_illumina_18s_qiime2_asv,ASV · QIIME 2 q2-dada2 (18S),curated_static,True,True,1,1,1,0,0,0,PASS,
Amplicon,Illumina,Paired-end,18S rRNA analysis,False,amplicon_illumina_18s_nfcore,ASV turnkey · nf-core/ampliseq (18S),curated_static,True,True,1,1,1,0,0,0,PASS,
Amplicon,Illumina,Paired-end,18S rRNA analysis,False,amplicon_illumina_18s_frogs,Flexible pipeline · FROGS (18S),curated_static,True,True,1,1,1,0,0,0,PASS,
Amplicon,Illumina,Paired-end,18S rRNA analysis,False,amplicon_illumina_18s_lotus2,Flexible pipeline · LotuS2 (18S),curated_static,True,True,1,1,1,0,0,0,PASS,
Amplicon,Illumina,Paired-end,18S rRNA analysis,False,amplicon_illumina_18s_obitools4,MOTU/metabarcoding · OBITools4-composed workflow (18S),curated_static,True,True,1,1,1,0,0,0,PASS,
Amplicon,Illumina,Paired-end,18S rRNA analysis,False,amplicon_illumina_18s_mothur,OTU · mothur (18S),curated_static,True,True,1,1,1,0,0,0,PASS,
Amplicon,Illumina,Paired-end,18S rRNA analysis,False,amplicon_illumina_18s_vsearch_otu,OTU · VSEARCH-centered modular workflow (18S),curated_static,True,True,1,1,1,0,0,0,PASS,
Amplicon,Illumina,Paired-end,18S rRNA analysis,False,amplicon_illumina_18s_qiime2_otu,OTU · QIIME 2 q2-vsearch (18S),curated_static,True,True,1,1,1,0,0,0,PASS,
Amplicon,Illumina,Paired-end,18S rRNA analysis,False,amplicon_illumina_18s_silvangs,OTU web service · SILVAngs (18S),curated_static,True,True,2,2,2,0,0,0,PASS,
Amplicon,Illumina,Paired-end,ITS analysis,False,amplicon_illumina_its,ASV · DADA2 modular (ITS),curated_static,True,True,3,5,5,0,0,0,PASS,
Amplicon,Illumina,Paired-end,ITS analysis,False,amplicon_illumina_its_qiime2_asv,ASV · QIIME 2 q2-dada2 (ITS),curated_static,True,True,1,1,1,0,0,0,PASS,
Amplicon,Illumina,Paired-end,ITS analysis,False,amplicon_illumina_its_nfcore,ASV turnkey · nf-core/ampliseq (ITS),curated_static,True,True,1,1,1,0,0,0,PASS,
Amplicon,Illumina,Paired-end,ITS analysis,False,amplicon_illumina_its_frogs,Flexible pipeline · FROGS (ITS),curated_static,True,True,1,1,1,0,0,0,PASS,
Amplicon,Illumina,Paired-end,ITS analysis,False,amplicon_illumina_its_lotus2,Flexible pipeline · LotuS2 (ITS),curated_static,True,True,1,1,1,0,0,0,PASS,
Amplicon,Illumina,Paired-end,ITS analysis,False,amplicon_illumina_its_obitools4,MOTU/metabarcoding · OBITools4-composed workflow (ITS),curated_static,True,True,1,1,1,0,0,0,PASS,
Amplicon,Illumina,Paired-end,ITS analysis,False,amplicon_illumina_its_mothur,"OTU · mothur (ITS, conditional)",curated_static,True,True,1,1,1,0,0,0,PASS,
Amplicon,Illumina,Paired-end,ITS analysis,False,amplicon_illumina_its_vsearch_otu,OTU · VSEARCH-centered modular workflow (ITS),curated_static,True,True,1,1,1,0,0,0,PASS,
Amplicon,Illumina,Paired-end,ITS analysis,False,amplicon_illumina_its_qiime2_otu,OTU · QIIME 2 q2-vsearch (ITS),curated_static,True,True,1,1,1,0,0,0,PASS,
Amplicon,Illumina,Paired-end,ASV inference,False,amplicon_illumina_asv_inference,Amplicon — Illumina ASV inference,curated_static,True,True,2,2,2,0,0,0,PASS,
Amplicon,Illumina,Paired-end,Taxonomic assignment,False,amplicon_illumina_taxonomic_assignment,Taxonomic assignment — ASV-based,curated_static,True,True,3,5,5,0,0,0,PASS,
Amplicon,Illumina,Paired-end,Taxonomic assignment,False,amplicon_illumina_taxonomic_assignment_otu,Taxonomic assignment — OTU-based,curated_static,True,True,3,7,7,0,0,0,PASS,
Amplicon,Illumina,Paired-end,Alpha diversity,False,amplicon_illumina_alpha_nonphylogenetic,Downstream · non-phylogenetic alpha diversity,curated_static,True,True,1,3,3,0,0,0,PASS,
Amplicon,Illumina,Paired-end,Alpha diversity,False,amplicon_illumina_alpha_phylogenetic,Downstream · phylogenetic alpha diversity (Faith PD),curated_static,True,True,1,1,1,0,0,0,PASS,
Amplicon,Illumina,Paired-end,Beta diversity,False,amplicon_illumina_beta_nonphylogenetic,Downstream · non-phylogenetic beta diversity,curated_static,True,True,1,3,3,0,0,0,PASS,
Amplicon,Illumina,Paired-end,Beta diversity,False,amplicon_illumina_beta_phylogenetic,Downstream · phylogenetic beta diversity (UniFrac),curated_static,True,True,1,2,2,0,0,0,PASS,
Amplicon,Illumina,Paired-end,Differential abundance,False,amplicon_illumina_da_simple,Downstream · simple independent-group DA,curated_static,True,True,1,3,3,0,0,0,PASS,
Amplicon,Illumina,Paired-end,Differential abundance,False,amplicon_illumina_da_multivariable,Downstream · multigroup / covariate-adjusted DA,curated_static,True,True,1,3,3,0,0,0,PASS,
Amplicon,Illumina,Paired-end,Differential abundance,False,amplicon_illumina_da_repeated,Downstream · repeated-measures / longitudinal DA,curated_static,True,True,1,3,3,0,0,0,PASS,
Amplicon,Oxford Nanopore,Long reads,16S rRNA analysis,False,amplicon_ont_full_length_16s_emu,Amplicon — Oxford Nanopore full-length 16S with Emu,curated_static,True,True,1,1,1,0,0,0,PASS,
Amplicon,PacBio,Long reads,16S rRNA analysis,False,amplicon_pacbio_16s_dada2,Amplicon — PacBio CCS 16S DADA2 workflow,curated_static,True,True,2,3,3,0,0,0,PASS,
Amplicon,PacBio,Long reads,18S rRNA analysis,False,amplicon_pacbio_18s_dada2,Amplicon — PacBio CCS 18S DADA2 workflow,curated_static,True,True,2,3,3,0,0,0,PASS,
Amplicon,PacBio,Long reads,ITS analysis,False,amplicon_pacbio_its_dada2,Amplicon — PacBio CCS ITS DADA2 workflow,curated_static,True,True,2,3,3,0,0,0,PASS,
Amplicon,PacBio,Long reads,ASV inference,False,amplicon_pacbio_asv_inference,Amplicon — PacBio CCS ASV inference,curated_static,True,True,1,1,1,0,0,0,PASS,
Bulk transcriptome,Illumina,Paired-end,Alignment-based RNA-seq,False,bulk_transcriptome_illumina_alignment_based,Bulk transcriptome — Illumina alignment-based RNA-seq,curated_static,True,True,4,6,6,0,0,0,PASS,
Bulk transcriptome,Illumina,Paired-end,Pseudoalignment / lightweight quantification,False,bulk_transcriptome_illumina_lightweight_quantification,Bulk transcriptome — Illumina lightweight quantification,curated_static,True,True,2,4,4,0,0,0,PASS,
Bulk transcriptome,Illumina,Paired-end,Differential expression,False,bulk_transcriptome_illumina_differential_expression_alignment,Bulk transcriptome — Alignment-based differential expression,curated_static,True,True,5,8,8,0,0,0,PASS,
Bulk transcriptome,Illumina,Paired-end,Differential expression,False,bulk_transcriptome_illumina_differential_expression_lightweight,Bulk transcriptome — Lightweight differential expression,curated_static,True,True,4,7,7,0,0,0,PASS,
Bulk transcriptome,Illumina,Paired-end,Transcript assembly,False,bulk_transcriptome_illumina_transcript_assembly_guided,Bulk transcriptome — Genome-guided transcript assembly,curated_static,True,True,4,6,6,0,0,0,PASS,
Bulk transcriptome,Illumina,Paired-end,Transcript assembly,False,bulk_transcriptome_illumina_transcript_assembly_denovo,Bulk transcriptome — De novo transcript assembly,curated_static,True,True,1,1,1,0,0,0,PASS,
Bulk transcriptome,Illumina,Paired-end,Alternative splicing,False,bulk_transcriptome_illumina_alternative_splicing,Bulk transcriptome — Replicate-aware alternative splicing,curated_static,True,True,4,6,6,0,0,0,PASS,
Bulk transcriptome,Illumina,Paired-end,Functional enrichment,False,bulk_transcriptome_functional_enrichment,Bulk transcriptome — Functional enrichment,curated_static,True,True,1,1,1,0,0,0,PASS,
Bulk transcriptome,Illumina,Paired-end,Pathway analysis,False,bulk_transcriptome_pathway_analysis,Bulk transcriptome — Ranked pathway enrichment,curated_static,True,True,1,1,1,0,0,0,PASS,
Bulk transcriptome,Oxford Nanopore,Long reads,Alignment-based RNA-seq,False,bulk_transcriptome_ont_alignment_based,Bulk transcriptome — Oxford Nanopore long-read alignment & gene counts,curated_static,True,True,4,4,4,0,0,0,PASS,
Bulk transcriptome,Oxford Nanopore,Long reads,Differential expression,False,bulk_transcriptome_ont_differential_expression,Bulk transcriptome — Oxford Nanopore long-read differential expression,curated_static,True,True,5,6,6,0,0,0,PASS,
Bulk transcriptome,Oxford Nanopore,Long reads,Transcript assembly,False,bulk_transcriptome_ont_transcript_assembly,Bulk transcriptome — Oxford Nanopore long-read transcript reconstruction,curated_static,True,True,3,4,4,0,0,0,PASS,
Bulk transcriptome,Oxford Nanopore,Long reads,Alternative splicing,False,bulk_transcriptome_ont_alternative_splicing,Bulk transcriptome — Oxford Nanopore long-read alternative splicing,curated_static,True,True,3,3,3,0,0,0,PASS,
Bulk transcriptome,PacBio,Long reads,Alignment-based RNA-seq,False,bulk_transcriptome_pacbio_alignment_based,Bulk transcriptome — PacBio long-read alignment & gene counts,curated_static,True,True,4,4,4,0,0,0,PASS,
Bulk transcriptome,PacBio,Long reads,Differential expression,False,bulk_transcriptome_pacbio_differential_expression,Bulk transcriptome — PacBio long-read differential expression,curated_static,True,True,5,6,6,0,0,0,PASS,
Bulk transcriptome,PacBio,Long reads,Transcript assembly,False,bulk_transcriptome_pacbio_transcript_assembly,Bulk transcriptome — PacBio long-read transcript reconstruction,curated_static,True,True,3,4,4,0,0,0,PASS,
Bulk transcriptome,PacBio,Long reads,Alternative splicing,False,bulk_transcriptome_pacbio_alternative_splicing,Bulk transcriptome — PacBio long-read alternative splicing,curated_static,True,True,3,3,3,0,0,0,PASS,
Virome,Illumina,Paired-end,Viral sequence detection,False,virome_illumina_viral_detection,Virome — Illumina viral sequence detection,curated_static,True,True,3,4,4,0,0,0,PASS,
Virome,Illumina,Paired-end,Viral genome quality assessment,False,virome_illumina_quality_assessment,Virome — Illumina viral genome quality assessment,curated_static,True,True,4,5,5,0,0,0,PASS,
Virome,Illumina,Paired-end,Viral taxonomy,False,virome_illumina_viral_taxonomy,Virome — Illumina geNomad viral taxonomy,curated_static,True,True,3,3,3,0,0,0,PASS,
Virome,Illumina,Paired-end,Viral host prediction,False,virome_illumina_host_prediction,Virome — prokaryotic virus host prediction,curated_static,True,True,5,6,6,0,0,0,PASS,
Virome,Illumina,Paired-end,Viral clustering / vOTU analysis,False,virome_illumina_votu_clustering,Virome — Illumina viral clustering and vOTU definition,curated_static,True,True,5,6,6,0,0,0,PASS,
Virome,Illumina,Paired-end,Viral functional annotation,False,virome_illumina_functional_annotation,Virome — Illumina viral functional annotation,curated_static,True,True,6,7,7,0,0,0,PASS,
Virome,Illumina,Paired-end,Auxiliary metabolic gene analysis,False,virome_illumina_amg_analysis,Virome — DRAM-v auxiliary metabolic gene analysis,curated_static,True,True,4,4,4,0,0,0,PASS,
Virome,Illumina,Paired-end,Viral abundance profiling,False,virome_illumina_viral_abundance_contig,Virome — viral-sequence abundance (contig/genome level),curated_static,True,True,7,8,8,0,0,0,PASS,
Virome,Illumina,Paired-end,Viral abundance profiling,False,virome_illumina_viral_abundance_votu,Virome — vOTU-level community abundance,curated_static,True,True,9,10,10,0,0,0,PASS,
Virome,Oxford Nanopore,Long reads,Viral sequence detection,False,virome_ont_viral_detection,Virome — Oxford Nanopore viral sequence detection,curated_static,True,True,3,5,5,0,0,0,PASS,
Virome,Oxford Nanopore,Long reads,Viral genome quality assessment,False,virome_ont_quality_assessment,Virome — Oxford Nanopore viral genome quality assessment,curated_static,True,True,4,6,6,0,0,0,PASS,
Virome,Oxford Nanopore,Long reads,Viral taxonomy,False,virome_ont_viral_taxonomy,Virome — Oxford Nanopore geNomad viral taxonomy,curated_static,True,True,3,4,4,0,0,0,PASS,
Virome,Oxford Nanopore,Long reads,Viral host prediction,False,virome_ont_host_prediction,Virome — prokaryotic virus host prediction,curated_static,True,True,5,7,7,0,0,0,PASS,
Virome,Oxford Nanopore,Long reads,Viral clustering / vOTU analysis,False,virome_ont_votu_clustering,Virome — Oxford Nanopore viral clustering and vOTU definition,curated_static,True,True,5,7,7,0,0,0,PASS,
Virome,Oxford Nanopore,Long reads,Viral functional annotation,False,virome_ont_functional_annotation,Virome — Oxford Nanopore viral functional annotation,curated_static,True,True,6,8,8,0,0,0,PASS,
Virome,Oxford Nanopore,Long reads,Auxiliary metabolic gene analysis,False,virome_ont_amg_analysis,Virome — DRAM-v auxiliary metabolic gene analysis,curated_static,True,True,4,5,5,0,0,0,PASS,
Virome,Oxford Nanopore,Long reads,Viral abundance profiling,False,virome_ont_viral_abundance_contig,Virome — viral-sequence abundance (contig/genome level),curated_static,True,True,7,9,8,1,1,0,COMPATIBILITY_FAIL,Viral abundance estimation
Virome,Oxford Nanopore,Long reads,Viral abundance profiling,False,virome_ont_viral_abundance_votu,Virome — vOTU-level community abundance,curated_static,True,True,9,11,10,1,1,0,COMPATIBILITY_FAIL,vOTU abundance estimation
Virome,PacBio,Long reads,Viral sequence detection,False,virome_pacbio_viral_detection,Virome — PacBio viral sequence detection,curated_static,True,True,3,5,5,0,0,0,PASS,
Virome,PacBio,Long reads,Viral genome quality assessment,False,virome_pacbio_quality_assessment,Virome — PacBio viral genome quality assessment,curated_static,True,True,4,6,6,0,0,0,PASS,
Virome,PacBio,Long reads,Viral taxonomy,False,virome_pacbio_viral_taxonomy,Virome — PacBio geNomad viral taxonomy,curated_static,True,True,3,4,4,0,0,0,PASS,
Virome,PacBio,Long reads,Viral host prediction,False,virome_pacbio_host_prediction,Virome — prokaryotic virus host prediction,curated_static,True,True,5,7,7,0,0,0,PASS,
Virome,PacBio,Long reads,Viral clustering / vOTU analysis,False,virome_pacbio_votu_clustering,Virome — PacBio viral clustering and vOTU definition,curated_static,True,True,5,7,7,0,0,0,PASS,
Virome,PacBio,Long reads,Viral functional annotation,False,virome_pacbio_functional_annotation,Virome — PacBio viral functional annotation,curated_static,True,True,6,8,8,0,0,0,PASS,
Virome,PacBio,Long reads,Auxiliary metabolic gene analysis,False,virome_pacbio_amg_analysis,Virome — DRAM-v auxiliary metabolic gene analysis,curated_static,True,True,4,5,5,0,0,0,PASS,
Virome,PacBio,Long reads,Viral abundance profiling,False,virome_pacbio_viral_abundance_contig,Virome — viral-sequence abundance (contig/genome level),curated_static,True,True,7,9,8,1,1,0,COMPATIBILITY_FAIL,Viral abundance estimation
Virome,PacBio,Long reads,Viral abundance profiling,False,virome_pacbio_viral_abundance_votu,Virome — vOTU-level community abundance,curated_static,True,True,9,11,10,1,1,0,COMPATIBILITY_FAIL,vOTU abundance estimation
Eukaryotic genome,Oxford Nanopore,Long reads,Genome assembly,False,eukaryotic_genome_ont_assembly,Eukaryotic genome — Oxford Nanopore collapsed/consensus assembly,curated_static,True,True,1,1,1,0,0,0,PASS,
Eukaryotic genome,Oxford Nanopore,Long reads,Genome quality assessment,False,eukaryotic_genome_quality,Eukaryotic genome — Assembly quality assessment,curated_static,True,True,2,2,2,0,0,0,PASS,
Eukaryotic genome,Oxford Nanopore,Long reads,Repeat annotation,False,eukaryotic_genome_repeat_annotation,Eukaryotic genome — De novo repeat annotation,curated_static,True,True,2,2,2,0,0,0,PASS,
Eukaryotic genome,Oxford Nanopore,Long reads,Gene prediction,False,eukaryotic_genome_gene_prediction_braker,Eukaryotic genome — protein-evidence gene prediction (BRAKER4 EP mode),curated_static,True,True,3,3,3,0,0,0,PASS,
Eukaryotic genome,Oxford Nanopore,Long reads,Gene prediction,False,eukaryotic_genome_gene_prediction_augustus,Eukaryotic genome — Ab initio gene prediction,curated_static,True,True,3,3,3,0,0,0,PASS,
Eukaryotic genome,Oxford Nanopore,Long reads,Functional annotation,False,eukaryotic_genome_functional_annotation,Eukaryotic genome — Protein functional annotation,curated_static,True,True,1,1,1,0,0,0,PASS,
Eukaryotic genome,Oxford Nanopore,Long reads,Comparative genomics,False,eukaryotic_genome_comparative_genomics,Eukaryotic genome — pairwise chromosome-level synteny/rearrangements,curated_static,True,True,2,2,2,0,0,0,PASS,
Eukaryotic genome,PacBio,Long reads,Genome assembly,False,eukaryotic_genome_pacbio_assembly,Eukaryotic genome — PacBio HiFi assembly,curated_static,True,True,1,1,1,0,0,0,PASS,
Eukaryotic genome,Illumina + Oxford Nanopore,Paired-end + Long reads,Hybrid genome assembly,False,eukaryotic_genome_illumina_ont_hybrid,Eukaryotic genome — Illumina + Oxford Nanopore hybrid assembly,curated_static,True,True,1,1,1,0,0,0,PASS,
Eukaryotic genome,Illumina,Paired-end,Genome quality assessment,False,dynamic__eukaryotic_genome__illumina__paired_end__genome_quality_from_assembly,Eukaryotic genome — Assembly quality assessment — paired-end project context,dynamic,True,True,2,2,2,0,0,0,PASS,
Eukaryotic genome,Illumina,Paired-end,Repeat annotation,False,dynamic__eukaryotic_genome__illumina__paired_end__repeat_annotation_from_assembly,Eukaryotic genome — De novo repeat annotation — paired-end project context,dynamic,True,True,2,2,2,0,0,0,PASS,
Eukaryotic genome,Illumina,Paired-end,Gene prediction,False,dynamic__eukaryotic_genome__illumina__paired_end__gene_prediction_braker,Eukaryotic genome — protein-evidence gene prediction (BRAKER4 EP mode) — paired-end project context,dynamic,True,True,3,3,3,0,0,0,PASS,
Eukaryotic genome,Illumina,Paired-end,Gene prediction,False,dynamic__eukaryotic_genome__illumina__paired_end__gene_prediction_augustus,Eukaryotic genome — Ab initio gene prediction — paired-end project context,dynamic,True,True,3,3,3,0,0,0,PASS,
Eukaryotic genome,Illumina,Paired-end,Functional annotation,False,dynamic__eukaryotic_genome__illumina__paired_end__functional_annotation_from_proteins,Eukaryotic genome — Protein functional annotation — paired-end project context,dynamic,True,True,1,1,1,0,0,0,PASS,
Eukaryotic genome,Illumina,Paired-end,Comparative genomics,False,dynamic__eukaryotic_genome__illumina__paired_end__comparative_genomics_from_assemblies,Eukaryotic genome — pairwise chromosome-level synteny/rearrangements — paired-end project context,dynamic,True,True,2,2,2,0,0,0,PASS,
Eukaryotic genome,Illumina,Paired-end,Variant analysis,True,eukaryotic_genome_illumina_variant_analysis,Eukaryotic genome — Illumina variant analysis,curated_static,True,True,3,4,4,0,0,0,PASS,
Eukaryotic genome,Illumina,Single-end,Genome quality assessment,False,dynamic__eukaryotic_genome__illumina__single_end__genome_quality_from_assembly,Eukaryotic genome — Assembly quality assessment — single-end project context,dynamic,True,True,2,2,2,0,0,0,PASS,
Eukaryotic genome,Illumina,Single-end,Repeat annotation,False,dynamic__eukaryotic_genome__illumina__single_end__repeat_annotation_from_assembly,Eukaryotic genome — De novo repeat annotation — single-end project context,dynamic,True,True,2,2,2,0,0,0,PASS,
Eukaryotic genome,Illumina,Single-end,Gene prediction,False,dynamic__eukaryotic_genome__illumina__single_end__gene_prediction_braker,Eukaryotic genome — protein-evidence gene prediction (BRAKER4 EP mode) — single-end project context,dynamic,True,True,3,3,3,0,0,0,PASS,
Eukaryotic genome,Illumina,Single-end,Gene prediction,False,dynamic__eukaryotic_genome__illumina__single_end__gene_prediction_augustus,Eukaryotic genome — Ab initio gene prediction — single-end project context,dynamic,True,True,3,3,3,0,0,0,PASS,
Eukaryotic genome,Illumina,Single-end,Functional annotation,False,dynamic__eukaryotic_genome__illumina__single_end__functional_annotation_from_proteins,Eukaryotic genome — Protein functional annotation — single-end project context,dynamic,True,True,1,1,1,0,0,0,PASS,
Eukaryotic genome,Illumina,Single-end,Comparative genomics,False,dynamic__eukaryotic_genome__illumina__single_end__comparative_genomics_from_assemblies,Eukaryotic genome — pairwise chromosome-level synteny/rearrangements — single-end project context,dynamic,True,True,2,2,2,0,0,0,PASS,
Eukaryotic genome,Illumina,Single-end,Variant analysis,True,dynamic__eukaryotic_genome__illumina__single_end__variant_analysis,Eukaryotic genome — Illumina single-end variant analysis,dynamic,True,True,3,4,4,0,0,0,PASS,
Metatranscriptome,Illumina,Paired-end,Host read removal,False,metatranscriptome_illumina_host_removal,Metatranscriptome — Illumina host read removal,curated_static,True,True,1,1,1,0,0,0,PASS,
Metatranscriptome,Illumina,Paired-end,rRNA depletion assessment,False,metatranscriptome_illumina_rrna_assessment,Metatranscriptome — Illumina rRNA depletion assessment,curated_static,True,True,1,1,1,0,0,0,PASS,
Metatranscriptome,Illumina,Paired-end,Taxonomic profiling,False,metatranscriptome_illumina_taxonomy,Metatranscriptome — RNA transcript-weighted taxonomic signal,curated_static,True,True,3,4,4,0,0,0,PASS,
Metatranscriptome,Illumina,Paired-end,Differential expression,False,metatranscriptome_illumina_differential_expression,Metatranscriptome — microbial gene-catalog differential transcription,curated_static,True,True,6,7,7,0,0,0,PASS,
Metatranscriptome,Illumina,Paired-end,Functional profiling,False,metatranscriptome_illumina_functional_isolated,Metatranscriptome — HUMAnN functional profiling (RNA-only),curated_static,True,True,3,3,3,0,0,0,PASS,
Metatranscriptome,Illumina,Paired-end,Functional profiling,False,metatranscriptome_illumina_functional_dna_informed,Metatranscriptome — HUMAnN functional profiling (paired-DNA informed),curated_static,True,True,3,3,3,0,0,0,PASS,
Metatranscriptome,Illumina,Paired-end,Pathway analysis,False,metatranscriptome_illumina_pathways_isolated,Metatranscriptome — HUMAnN pathway profiling (RNA-only),curated_static,True,True,3,3,3,0,0,0,PASS,
Metatranscriptome,Illumina,Paired-end,Pathway analysis,False,metatranscriptome_illumina_pathways_dna_informed,Metatranscriptome — HUMAnN pathway profiling (paired-DNA informed),curated_static,True,True,3,3,3,0,0,0,PASS,
Metatranscriptome,Oxford Nanopore,Long reads,Host read removal,False,metatranscriptome_ont_host_removal,Metatranscriptome — Oxford Nanopore long-read host removal,curated_static,True,True,2,2,2,0,0,0,PASS,
Metatranscriptome,Oxford Nanopore,Long reads,Taxonomic profiling,False,metatranscriptome_ont_taxonomy,Metatranscriptome — Oxford Nanopore long-read taxonomic profiling,curated_static,True,True,3,3,3,0,0,0,PASS,
Metatranscriptome,Oxford Nanopore,Long reads,Differential expression,False,metatranscriptome_ont_differential_expression,Metatranscriptome — Oxford Nanopore long-read differential transcription,curated_static,True,True,6,7,7,0,0,0,PASS,
Metatranscriptome,PacBio,Long reads,Host read removal,False,metatranscriptome_pacbio_host_removal,Metatranscriptome — PacBio long-read host removal,curated_static,True,True,2,2,2,0,0,0,PASS,
Metatranscriptome,PacBio,Long reads,rRNA depletion assessment,False,metatranscriptome_pacbio_rrna_assessment,Metatranscriptome — PacBio long-read rRNA depletion assessment,curated_static,True,True,3,3,3,0,0,0,PASS,
Metatranscriptome,PacBio,Long reads,Taxonomic profiling,False,metatranscriptome_pacbio_taxonomy,Metatranscriptome — PacBio long-read taxonomic profiling,curated_static,True,True,4,4,4,0,0,0,PASS,
Metatranscriptome,PacBio,Long reads,Differential expression,False,metatranscriptome_pacbio_differential_expression,Metatranscriptome — PacBio long-read differential transcription,curated_static,True,True,7,8,8,0,0,0,PASS,
